{"initial_reset_timestamp": 1557159972.723986, "timestamps": [1557159974.101315, 1557159974.735393, 1557159974.8600261, 1557159974.862199, 1557159974.8641222, 1557159974.865387, 1557159974.870462, 1557159974.8758988, 1557159975.465436, 1557159975.611841, 1557159975.614903, 1557159975.618855, 1557159975.621867, 1557159975.6247702, 1557159975.6308491, 1557159975.632923, 1557159975.65075, 1557159975.652874, 1557159975.654942, 1557159975.6590579, 1557159975.6631181, 1557159975.664644, 1557159975.666574, 1557159975.668129, 1557159975.673035, 1557159975.674318, 1557159975.676664, 1557159976.234656, 1557159976.3722298, 1557159976.37433, 1557159976.380183, 1557159976.3817458, 1557159976.3884318, 1557159976.3908632, 1557159976.392896, 1557159976.3949409, 1557159976.401749, 1557159976.407927, 1557159976.4114308, 1557159976.413732, 1557159976.4165199, 1557159976.418625, 1557159976.420915, 1557159976.422754, 1557159976.42551, 1557159976.428002, 1557159976.42926, 1557159976.431156, 1557159976.4357262, 1557159976.4378119, 1557159976.440373, 1557159976.441626, 1557159976.44448, 1557159976.453873, 1557159976.460133, 1557159976.464965, 1557159976.467563, 1557159976.469714, 1557159976.474334, 1557159976.4808052, 1557159976.48265, 1557159976.485688, 1557159976.491912, 1557159976.494515, 1557159977.7476962, 1557159977.966509, 1557159977.975429, 1557159977.979004, 1557159977.99165, 1557159977.9963362, 1557159978.000028, 1557159978.007234, 1557159978.01163, 1557159978.016129, 1557159978.01936, 1557159978.0218828, 1557159978.029355, 1557159978.036617, 1557159978.041247, 1557159978.0440168, 1557159978.048967, 1557159978.053256, 1557159978.057945, 1557159978.0647612, 1557159978.071284, 1557159978.0727649, 1557159978.078182, 1557159978.0876899, 1557159978.095558, 1557159978.099177, 1557159978.102119, 1557159978.103916, 1557159978.114251, 1557159978.119624, 1557159978.123617, 1557159978.130241, 1557159978.134799, 1557159978.148876, 1557159978.1548731, 1557159978.1661172, 1557159978.173405, 1557159978.17654, 1557159978.187878, 1557159978.1963992, 1557159978.200431, 1557159978.210967, 1557159978.2127738, 1557159978.2184908, 1557159978.2296672, 1557159978.238327, 1557159978.240404, 1557159978.2429152, 1557159978.2586648, 1557159978.262469, 1557159978.2728739, 1557159978.274558, 1557159978.280117, 1557159978.286187, 1557159978.298136, 1557159978.307164, 1557159978.3220491, 1557159978.328393, 1557159978.332045, 1557159978.338735, 1557159978.342324, 1557159980.985333, 1557159981.128852, 1557159981.134, 1557159981.14236, 1557159981.1497972, 1557159981.154359, 1557159981.166283, 1557159981.171956, 1557159981.18094, 1557159981.188513, 1557159981.1924632, 1557159981.2006972, 1557159981.208096, 1557159981.214931, 1557159981.2258308, 1557159981.2373602, 1557159981.242681, 1557159981.247732, 1557159981.255745, 1557159981.275677, 1557159981.2783208, 1557159981.289163, 1557159981.294544, 1557159981.30003, 1557159981.3104792, 1557159981.315223, 1557159981.33455, 1557159981.340203, 1557159981.366209, 1557159981.370393, 1557159981.375285, 1557159981.380456, 1557159981.3894641, 1557159981.393238, 1557159981.39921, 1557159981.417583, 1557159981.422421, 1557159981.432877, 1557159981.451156, 1557159981.4595442, 1557159981.4659011, 1557159981.472833, 1557159981.482285, 1557159981.489206, 1557159981.494206, 1557159981.498933, 1557159981.502871, 1557159981.504788, 1557159981.5148711, 1557159981.518403, 1557159981.522644, 1557159981.535143, 1557159981.540124, 1557159981.544278, 1557159981.56345, 1557159981.5737631, 1557159981.593816, 1557159981.605729, 1557159981.611385, 1557159981.614756, 1557159981.620379, 1557159981.626552, 1557159981.643894, 1557159981.648314, 1557159981.656746, 1557159981.6630578, 1557159981.668588, 1557159981.679936, 1557159981.687296, 1557159981.69346, 1557159981.706805, 1557159981.717259, 1557159981.725235, 1557159981.7424939, 1557159981.7500029, 1557159981.757291, 1557159981.766804, 1557159981.7700522, 1557159981.7778718, 1557159981.789273, 1557159981.797708, 1557159981.8074172, 1557159981.8161652, 1557159981.825548, 1557159981.828521, 1557159981.8370318, 1557159981.8443992, 1557159981.858835, 1557159981.8727, 1557159981.882536, 1557159981.8912451, 1557159983.279118, 1557159983.435462, 1557159983.446381, 1557159983.4521549, 1557159983.467659, 1557159983.476296, 1557159983.483985, 1557159983.489923, 1557159983.500745, 1557159983.506459, 1557159983.5164568, 1557159983.5272949, 1557159983.532116, 1557159983.5409951, 1557159983.5529559, 1557159983.563222, 1557159983.5728068, 1557159983.580657, 1557159983.594524, 1557159983.600679, 1557159983.6083379, 1557159983.614249, 1557159983.6220648, 1557159983.642294, 1557159983.658474, 1557159983.6639512, 1557159983.678936, 1557159983.6937332, 1557159983.716972, 1557159983.724189, 1557159983.7357051, 1557159983.746376, 1557159983.7537339, 1557159983.7607481, 1557159983.765205, 1557159983.77153, 1557159983.774383, 1557159983.7817972, 1557159983.7879748, 1557159983.794465, 1557159983.808226, 1557159983.8171751, 1557159983.839079, 1557159983.858481, 1557159983.86692, 1557159983.871404, 1557159983.881397, 1557159983.891528, 1557159983.9004831, 1557159983.913832, 1557159983.919404, 1557159983.926856, 1557159983.942445, 1557159983.9586189, 1557159983.970318, 1557159983.977493, 1557159983.99595, 1557159984.003349, 1557159984.01487, 1557159984.019532, 1557159984.02492, 1557159984.031092, 1557159984.0494232, 1557159984.0603478, 1557159984.0765052, 1557159984.097586, 1557159984.107729, 1557159984.113686, 1557159984.121701, 1557159984.129001, 1557159984.1364238, 1557159984.144855, 1557159984.163401, 1557159984.1783302, 1557159984.183746, 1557159984.1883311, 1557159984.213932, 1557159984.229606, 1557159984.25084, 1557159984.255727, 1557159984.279819, 1557159984.294355, 1557159984.307317, 1557159984.3156228, 1557159984.326244, 1557159984.347698, 1557159984.360737, 1557159984.365768, 1557159984.378313, 1557159984.387647, 1557159984.415309, 1557159984.427252, 1557159984.446666, 1557159984.45309, 1557159984.4933062, 1557159984.498666, 1557159984.5093892, 1557159984.536352, 1557159984.55007, 1557159984.566112, 1557159984.572184, 1557159984.58193, 1557159984.590435, 1557159984.5981288, 1557159984.6074162, 1557159984.618135, 1557159984.6288, 1557159984.6373, 1557159984.6451578, 1557159984.663937, 1557159984.675195, 1557159984.6809201, 1557159984.697542, 1557159984.710699, 1557159984.7248268, 1557159984.7416399, 1557159984.764747, 1557159984.773783, 1557159984.781607, 1557159984.8016698, 1557159984.812652, 1557159984.823806, 1557159984.846393, 1557159984.85924, 1557159984.871829, 1557159984.896138, 1557159984.904808, 1557159986.890274, 1557159987.048557, 1557159987.05433, 1557159987.0747929, 1557159987.087952, 1557159987.0985248, 1557159987.1078541, 1557159987.115747, 1557159987.142936, 1557159987.170491, 1557159987.187562, 1557159987.1964319, 1557159987.208457, 1557159987.223201, 1557159987.2465, 1557159987.261025, 1557159987.271225, 1557159987.2829099, 1557159987.29147, 1557159987.3134751, 1557159987.326535, 1557159987.343677, 1557159987.3510778, 1557159987.375662, 1557159987.399436, 1557159987.421085, 1557159987.432524, 1557159987.447607, 1557159987.4593081, 1557159987.480938, 1557159987.508072, 1557159987.523872, 1557159987.546289, 1557159987.5658932, 1557159987.576315, 1557159987.586765, 1557159987.611208, 1557159987.6386209, 1557159987.647531, 1557159987.6664808, 1557159987.679901, 1557159987.704059, 1557159987.731261, 1557159987.752316, 1557159987.7769501, 1557159987.792019, 1557159987.805669, 1557159987.822464, 1557159987.837826, 1557159987.8647199, 1557159987.887174, 1557159987.913858, 1557159987.9310489, 1557159987.9544508, 1557159987.982049, 1557159988.000436, 1557159988.011811, 1557159988.0406232, 1557159988.055737, 1557159988.080595, 1557159988.093822, 1557159988.1217039, 1557159988.134729, 1557159988.156298, 1557159988.171531, 1557159988.200373, 1557159988.228113, 1557159988.2563121, 1557159988.285449, 1557159988.307967, 1557159988.3246589, 